City_ID,City,Lat,Lng,Max Temp,Humidity,Cloudiness,Wind Speed,Country,Date
0,stanley,54.868,-1.6985,15.5,90,75,1.03,GB,1690508157
1,adamstown,-25.066,-130.1015,19.74,60,47,1.45,PN,1690508157
2,constantia,44.1833,28.65,15.39,71,0,6.22,RO,1690508157
3,shingu,33.7333,135.9833,29.86,69,66,2.65,JP,1690508157
4,port-aux-francais,-49.35,70.2167,4.78,92,100,7.81,TF,1690508157
5,la ronge,55.1001,-105.2842,17.14,45,40,5.14,CA,1690508157
6,chonchi,-42.6128,-73.8092,10.07,99,100,2.01,CL,1690508157
7,geraldton,-28.7667,114.6,13.23,94,75,2.06,AU,1690507888
8,jamestown,42.097,-79.2353,20.95,94,40,3.6,US,1690508158
9,st. john's,47.5649,-52.7093,19.88,89,40,8.75,CA,1690508072
10,bontang,0.1333,117.5,27.91,67,43,3.92,ID,1690508158
11,blackmans bay,-43.0167,147.3167,15.41,58,0,4.03,AU,1690508158
12,hermanus,-34.4187,19.2345,11.79,78,0,1.59,ZA,1690508158
13,tura,25.5198,90.2201,25.55,93,100,2.65,IN,1690508158
14,ilulissat,69.2167,-51.1,4.01,93,20,1.03,GL,1690508158
15,port alfred,-33.5906,26.891,14.9,83,0,4.4,ZA,1690508158
16,gereida,11.2811,25.1414,24.58,80,87,1.89,SD,1690508159
17,trairi,-3.2778,-39.2689,25.82,83,12,4.5,BR,1690507862
18,mossel bay,-34.1831,22.146,7.96,87,1,2.85,ZA,1690508159
19,wailua homesteads,22.0669,-159.378,30.24,72,40,7.2,US,1690508159
20,kapa'a,22.0752,-159.319,30.99,72,40,7.2,US,1690508159
21,radomir,42.5444,22.9578,8.15,76,0,0.22,BG,1690508159
22,vilyuysk,63.7553,121.6247,23.17,46,92,3.13,RU,1690508159
23,altay,47.8667,88.1167,29.91,21,100,1.6,CN,1690507864
24,tacuarembo,-31.7333,-55.9833,8.4,78,100,1.42,UY,1690508159
25,springbok,-29.6643,17.8865,7.01,59,0,1.83,ZA,1690508160
26,quelimane,-17.8786,36.8883,16.04,88,0,1.31,MZ,1690508160
27,waitangi,-43.9535,-176.5597,8.79,90,100,1.79,NZ,1690508160
28,siwa oasis,29.2041,25.5195,28.49,49,18,4.39,EG,1690508160
29,barakani,-12.1356,44.4317,24.44,73,35,6.67,KM,1690508160
30,ashburton,-37.8626,145.0794,16.76,72,45,4.02,AU,1690508160
31,crane,31.3974,-102.3501,32.25,27,2,6.74,US,1690508160
32,luderitz,-26.6481,15.1594,11.47,88,0,1.0,NA,1690508160
33,uturoa,-16.7333,-151.4333,26.74,77,0,3.63,PF,1690508160
34,mana,5.6592,-53.7767,25.76,90,63,4.47,GF,1690508161
35,bardai,11.65,7.2333,22.81,88,100,3.37,NG,1690508161
36,rio gallegos,-51.6226,-69.2181,-8.97,92,0,1.03,AR,1690508161
37,usogorsk,63.4106,48.6872,14.51,96,88,2.92,RU,1690508161
38,bethel,41.3712,-73.414,25.42,88,20,0.45,US,1690508161
39,karungdong,5.8844,121.263,28.89,77,100,6.42,PH,1690508161
40,santiago de cao,-7.9589,-79.2392,22.07,83,100,5.7,PE,1690508161
41,puerto ayora,-0.7393,-90.3518,24.75,93,39,2.24,EC,1690508161
42,cadale,2.7603,46.3222,24.59,84,99,7.36,SO,1690508161
43,lihue,21.9789,-159.3672,30.58,64,40,7.2,US,1690508162
44,whitehorse,60.7161,-135.0538,25.57,44,75,5.14,CA,1690508162
45,okha,53.5739,142.9478,16.28,80,48,5.49,RU,1690508162
46,alesund,62.4723,6.1549,14.07,94,100,3.09,NO,1690508162
47,antsiranana,-12.2787,49.2917,22.04,62,21,6.29,MG,1690508162
48,saint-malo,48.5,-1.8333,18.81,93,100,3.33,FR,1690508163
49,dhidhdhoo,6.8833,73.1,27.56,77,42,2.33,MV,1690508163
50,gadzhiyevo,69.2551,33.3362,12.37,89,46,0.96,RU,1690508163
51,lutsk,50.7593,25.3424,13.45,94,26,3.39,UA,1690507882
52,arroyo,41.6096,-4.7969,20.08,69,0,1.03,ES,1690508163
53,haiku-pauwela,20.9219,-156.3051,29.01,64,20,9.77,US,1690508164
54,isafjordur,66.0755,-23.124,6.63,92,100,3.88,IS,1690508164
55,namibe,-15.1961,12.1522,14.88,87,55,4.13,AO,1690508164
56,georgetown,5.4112,100.3354,31.08,84,20,1.54,MY,1690508164
57,puerto natales,-51.7236,-72.4875,-3.66,86,100,1.42,CL,1690508164
58,juan griego,11.0817,-63.9655,29.07,84,60,7.72,VE,1690508164
59,edinburgh of the seven seas,-37.0676,-12.3116,9.79,49,15,1.8,SH,1690508164
60,papatowai,-46.5619,169.4708,9.75,67,99,2.72,NZ,1690508165
61,fortuna,40.5982,-124.1573,19.96,74,20,4.12,US,1690508165
62,grytviken,-54.2811,-36.5092,-3.91,82,100,4.58,GS,1690508165
63,ushuaia,-54.8,-68.3,-0.19,55,0,2.57,AR,1690507923
64,thompson,55.7435,-97.8558,15.09,63,75,3.09,CA,1690508165
65,verkhniy ufaley,56.0567,60.2306,17.97,92,47,4.03,RU,1690508165
66,loen,7.7601,168.2307,28.65,79,100,8.97,MH,1690508165
67,badger,64.8,-147.5333,28.62,47,20,4.63,US,1690508166
68,fort bragg,35.139,-79.006,30.85,69,0,4.12,US,1690507967
69,alice springs,-23.7,133.8833,23.75,50,40,2.06,AU,1690508166
70,lhokseumawe,5.1801,97.1507,27.73,69,97,1.28,ID,1690508166
71,apostolove,47.66,33.7137,17.49,93,100,6.52,UA,1690508166
72,pathein,16.7833,94.7333,28.74,79,100,5.37,MM,1690508167
73,hithadhoo,-0.6,73.0833,28.4,78,94,6.86,MV,1690508167
74,colby,39.3958,-101.0524,33.23,57,0,2.68,US,1690508167
75,nova sintra,14.8667,-24.7167,22.47,81,24,7.73,CV,1690508167
76,topes de collantes,21.9139,-80.0189,21.38,85,12,0.82,CU,1690508167
77,susuman,62.7833,148.1667,8.61,74,100,0.71,RU,1690508167
78,kill devil hills,36.0307,-75.676,29.43,77,0,6.17,US,1690508168
79,jackson,42.4165,-122.8345,31.93,24,0,4.92,US,1690508067
80,christchurch,-43.5333,172.6333,11.62,72,20,1.79,NZ,1690507669
81,udachny,66.4167,112.4,21.92,40,92,2.64,RU,1690508168
82,port lincoln,-34.7333,135.8667,16.48,67,2,7.43,AU,1690508168
83,port mathurin,-19.6833,63.4167,23.31,78,56,4.76,MU,1690508168
84,st. albert,53.6334,-113.6353,16.26,72,100,2.57,CA,1690508168
85,college,64.8569,-147.8028,28.66,50,75,4.63,US,1690508168
86,muang phon-hong,18.4928,102.4172,28.67,76,100,1.06,LA,1690508169
87,pahrump,36.2083,-115.9839,42.03,7,0,1.34,US,1690508169
88,selfoss,63.9331,-20.9971,8.36,86,23,3.57,IS,1690508169
89,okahandja,-21.9833,16.9167,12.97,33,6,1.61,NA,1690508169
90,newala kisimani,-10.95,39.2833,15.04,96,7,1.65,TZ,1690508169
91,adrar,20.5022,-10.0711,33.02,12,0,2.03,MR,1690508170
92,punta arenas,-53.15,-70.9167,-2.04,86,100,2.26,CL,1690508170
93,longyearbyen,78.2186,15.6401,8.91,76,75,5.14,SJ,1690508170
94,boundiali,9.5217,-6.4869,22.25,93,17,2.2,CI,1690508170
95,malango,-2.9627,119.9001,24.78,63,100,1.32,ID,1690508170
96,lompoc,34.6391,-120.4579,26.12,76,0,11.62,US,1690508170
97,guiyang,26.5833,106.7167,25.27,78,40,1.0,CN,1690508171
98,yuzhno-kurilsk,44.0306,145.8556,22.98,78,51,2.16,RU,1690508171
99,yellowknife,62.456,-114.3525,24.29,29,75,3.58,CA,1690508171
100,nadym,65.5333,72.5167,20.81,70,75,2.52,RU,1690508171
101,acarau,-2.8856,-40.12,26.02,84,9,6.91,BR,1690508171
102,puerto baquerizo moreno,-0.9,-89.6,23.98,78,32,4.71,EC,1690508172
103,jolo,6.05,121.0167,28.53,78,100,5.82,PH,1690508172
104,qaqortoq,60.7167,-46.0333,6.49,74,100,0.67,GL,1690508172
105,leer,53.2316,7.461,18.3,97,100,4.46,DE,1690508172
106,knoxville,35.9606,-83.9207,28.47,81,0,0.0,US,1690508088
107,pozo alcon,37.7026,-2.9337,22.76,36,0,1.96,ES,1690508173
108,atafu village,-8.5421,-172.5159,28.26,77,13,7.29,TK,1690508173
109,khandyga,62.6667,135.6,21.54,34,92,2.87,RU,1690508173
110,dalbandin,28.8947,64.4101,28.25,64,0,3.22,PK,1690508173
111,san juan del sur,11.2529,-85.8705,27.76,77,64,5.7,NI,1690508173
112,tolanaro,-25.0319,46.9987,19.04,72,20,5.14,MG,1690508174
113,sangmelima,2.9333,11.9833,20.38,99,100,1.12,CM,1690508174
114,turpan,42.9333,89.1667,41.64,12,26,1.22,CN,1690508174
115,neryungri,56.6709,124.6491,24.1,54,97,2.38,RU,1690508174
116,tiksi,71.6872,128.8694,9.8,61,70,4.16,RU,1690508174
117,tauranga,-37.6861,176.1667,13.41,66,28,2.24,NZ,1690508174
118,tsiombe,-25.3,45.4833,15.81,88,0,3.11,MG,1690508175
119,weno,7.4515,151.8468,30.97,84,75,4.63,FM,1690508175
120,asosa,10.0667,34.5333,15.84,80,62,1.64,ET,1690508175
121,albany,42.6001,-73.9662,24.11,90,22,0.45,US,1690508175
122,jatiroto,-7.8833,111.1167,25.39,59,40,3.0,ID,1690508175
123,belle fourche,44.6714,-103.8522,30.73,28,98,1.39,US,1690507896
124,nantucket,41.2835,-70.0995,26.08,92,71,12.45,US,1690508176
125,afaahiti,-17.75,-149.2833,25.93,85,32,4.22,PF,1690508176
126,chita,52.0333,113.55,17.94,88,75,1.0,RU,1690508176
127,port elizabeth,-33.918,25.5701,12.16,87,0,1.54,ZA,1690508176
128,sur,22.5667,59.5289,28.69,72,100,2.46,OM,1690508176
129,gladstone,-23.85,151.25,25.44,46,21,3.6,AU,1690508047
130,flying fish cove,-10.4217,105.6791,24.82,88,100,6.69,CX,1690508177
131,iskateley,67.6803,53.1512,13.99,85,100,2.46,RU,1690508177
132,hawaiian paradise park,19.5933,-154.9731,27.24,77,40,4.63,US,1690508177
133,laghouat,33.8,2.8651,29.27,25,0,2.36,DZ,1690508177
134,margaret river,-33.95,115.0667,15.5,65,86,8.48,AU,1690508177
135,cine,37.6117,28.0614,19.67,71,0,1.77,TR,1690508177
136,larkird,35.4894,66.6641,22.72,31,0,0.67,AF,1690508178
137,carnarvon,-24.8667,113.6333,16.79,56,0,4.88,AU,1690508178
138,zharkent,44.1628,80.0,27.9,32,89,0.86,KZ,1690508178
139,tilcara,-23.5776,-65.3509,3.86,45,3,0.58,AR,1690508178
140,tidjikja,18.5564,-11.4271,32.09,28,4,7.2,MR,1690508178
141,iqaluit,63.7506,-68.5145,8.85,76,20,0.0,CA,1690508179
142,qarqin,37.4185,66.0436,32.76,22,57,5.12,AF,1690508179
143,labuan,5.2767,115.2417,29.2,79,20,1.54,MY,1690508179
144,kuqa,41.7278,82.9364,30.89,25,75,3.15,CN,1690508179
145,ambon,-3.6954,128.1814,27.08,83,40,2.57,ID,1690507961
146,jinchang,38.4953,102.1739,28.47,20,0,4.58,CN,1690508179
147,malanville,11.8685,3.3899,24.7,78,100,0.84,BJ,1690508179
148,quillacollo,-17.4,-66.2833,16.04,41,2,4.12,BO,1690508179
149,peace river,56.2501,-117.286,20.17,48,40,4.12,CA,1690508160
150,bredasdorp,-34.5322,20.0403,8.92,90,0,1.57,ZA,1690508180
151,vilyuchinsk,52.9306,158.4028,13.15,94,100,0.58,RU,1690508180
152,avarua,-21.2078,-159.775,25.03,69,20,2.57,CK,1690508180
153,cabedelo,-6.9811,-34.8339,24.37,86,3,5.45,BR,1690508180
154,utrik,11.2278,169.8474,28.55,79,48,8.59,MH,1690508181
155,gillette,44.2911,-105.5022,27.51,35,0,3.58,US,1690508181
156,kristiansund,63.1115,7.732,14.03,94,100,3.6,NO,1690508181
157,soio,-6.1349,12.3689,21.35,91,56,4.33,AO,1690508181
158,taroa,8.7058,171.2275,28.36,79,100,8.25,MH,1690508181
159,amga,60.8953,131.9608,23.32,31,14,2.3,RU,1690508181
160,kyzyl-suu,42.3414,78.0056,20.55,51,10,0.62,KG,1690508182
161,saipan,15.1355,145.701,28.14,100,75,3.13,MP,1690508182
162,norrtalje,59.758,18.705,16.02,94,20,1.24,SE,1690508182
163,west island,-12.1568,96.8225,24.99,73,40,10.8,CC,1690508038
164,lebu,-37.6167,-73.65,11.13,92,99,0.82,CL,1690508182
165,ust'-ilimsk,58.0006,102.6619,21.6,64,100,0.85,RU,1690508182
166,ouesso,1.6136,16.0517,22.49,86,18,0.84,CG,1690508183
167,hwange,-18.3693,26.5019,14.49,71,1,0.67,ZW,1690508183
168,sisimiut,66.9395,-53.6735,6.18,87,37,2.89,GL,1690508183
169,usinsk,65.9939,57.5281,16.78,80,72,2.68,RU,1690508183
170,nuku'alofa,-21.1333,-175.2,22.19,60,40,4.12,TO,1690508183
171,sos'va,59.1766,61.8558,18.54,94,49,2.08,RU,1690508183
172,kerikeri,-35.2268,173.9474,16.62,58,13,0.89,NZ,1690508183
173,libreville,0.3925,9.4537,25.01,78,75,3.6,GA,1690508184
174,al hufuf,25.3646,49.5653,32.19,22,0,3.09,SA,1690508058
175,deqen,29.9618,90.7188,10.11,90,100,2.16,CN,1690508184
176,mezdra,43.15,23.7,13.63,63,0,2.31,BG,1690508184
177,siavonga,-16.5382,28.7088,16.85,63,9,1.52,ZM,1690508184
178,beloyarskiy,63.7119,66.6722,17.07,88,100,0.91,RU,1690508184
179,levin,-40.6333,175.275,12.06,80,60,2.08,NZ,1690508185
180,san luis de la loma,17.2706,-100.8939,28.46,79,100,2.68,MX,1690508185
181,kashgar,39.4547,75.9797,26.56,27,40,4.0,CN,1690508185
182,agde,43.3108,3.4758,20.92,93,100,6.17,FR,1690508185
183,bilibino,68.0546,166.4372,13.36,59,100,3.53,RU,1690508185
184,dame-marie,18.5667,-74.4167,27.68,79,84,2.19,HT,1690508185
185,colonia,50.9333,6.95,17.94,89,100,3.83,DE,1690508157
186,praia da vitoria,38.7333,-27.0667,24.14,94,20,3.54,PT,1690508185
187,sitka,57.0531,-135.33,19.94,68,20,7.72,US,1690507915
188,tefe,-3.3542,-64.7114,27.4,54,53,0.8,BR,1690508186
189,tubarjal,30.4999,38.216,29.11,20,3,7.05,SA,1690508186
190,dudinka,69.4058,86.1778,24.79,44,0,4.39,RU,1690508186
191,polokwane,-23.9045,29.4688,7.47,87,0,2.57,ZA,1690508186
192,hadibu,12.65,54.0333,24.95,81,75,11.73,YE,1690508186
193,muncar,-8.4333,114.3333,25.41,75,87,3.48,ID,1690508187
194,murzuq,25.9155,13.9184,30.56,15,89,3.94,LY,1690508187
195,anadyr,64.75,177.4833,13.28,87,75,4.0,RU,1690508187
196,berezovo,63.9381,65.0419,17.33,83,100,1.14,RU,1690508187
197,cockburn town,21.4612,-71.1419,28.5,81,87,7.86,TC,1690508187
198,mohr,54.3528,9.7167,15.08,96,100,1.54,DE,1690508187
199,santa elena de uairen,4.6167,-61.1333,20.43,92,100,1.7,VE,1690508187
200,harvest,34.8556,-86.7508,29.51,74,0,0.0,US,1690508187
201,newman,37.3138,-121.0208,36.13,34,0,1.79,US,1690508188
202,tbeng meanchey,13.8167,104.9667,28.85,72,77,3.68,KH,1690508188
203,mount pearl,47.5166,-52.7813,19.42,89,40,8.75,CA,1690508188
204,klyuchi,52.2667,79.1667,21.34,58,100,3.38,RU,1690508188
205,urangan,-25.3,152.9,19.55,78,89,1.58,AU,1690508188
206,east london,-33.0153,27.9116,14.66,78,0,3.89,ZA,1690508188
207,selibaby,15.159,-12.1829,32.22,56,91,5.79,MR,1690508189
208,lerwick,60.1545,-1.1494,13.0,87,17,3.41,GB,1690508189
209,juwana,-6.715,111.1514,27.24,55,84,4.85,ID,1690508189
210,whakatane,-37.9585,176.9854,13.62,66,95,4.02,NZ,1690508189
211,lycksele,64.5954,18.6735,11.93,94,99,1.54,SE,1690508189
212,mount isa,-20.7333,139.5,25.87,47,28,4.63,AU,1690508189
213,famagusta,35.125,33.95,27.82,93,0,0.83,CY,1690508190
214,minas de marcona,-15.2119,-75.1103,12.59,87,15,5.52,PE,1690508190
215,nabire,-3.3667,135.4833,30.64,61,18,2.26,ID,1690508190
216,aykhal,66.0,111.5,19.03,46,100,2.15,RU,1690508190
217,darwin,-12.4611,130.8418,27.99,61,40,3.6,AU,1690508190
218,saldanha,-33.0117,17.9442,6.03,82,0,2.94,ZA,1690508190
219,edmundston,47.3737,-68.3251,21.63,87,40,1.54,CA,1690507939
220,mermoz boabab,14.7065,-17.4758,28.88,70,75,5.14,SN,1690508191
221,waitara,-38.925,174.25,9.44,70,47,7.51,NZ,1690508191
222,labytnangi,66.6572,66.4183,18.59,81,8,3.09,RU,1690508191
223,uusikaupunki,60.8004,21.4084,12.7,87,5,2.85,FI,1690508191
224,tabou,4.423,-7.3528,24.4,91,97,3.73,CI,1690508191
225,qamdo,31.1667,97.2333,11.04,50,100,1.27,CN,1690508191
226,molde,62.7375,7.1591,13.91,88,100,2.06,NO,1690508191
227,naliya,23.2667,68.8333,27.61,81,68,7.75,IN,1690508191
228,pisco,-13.7,-76.2167,19.03,77,0,5.14,PE,1690508192
229,suva,-18.1416,178.4415,23.71,60,75,3.6,FJ,1690508192
230,talnakh,69.4865,88.3972,24.56,38,5,2.99,RU,1690508192
231,mirnyy,62.5353,113.9611,20.69,43,100,4.02,RU,1690508193
232,harper,4.375,-7.7169,24.55,90,97,4.41,LR,1690508193
233,kiruna,67.8557,20.2251,6.51,100,75,1.54,SE,1690508162
234,ugoofaaru,5.6667,73.0,28.26,72,39,0.88,MV,1690508193
235,villa de cos,23.2833,-102.35,24.08,27,36,6.43,MX,1690508193
236,aasiaat,68.7098,-52.8699,0.71,95,37,2.07,GL,1690508193
237,bovalino,38.149,16.174,25.08,54,0,2.17,IT,1690508193
238,pangai,-19.8,-174.35,22.06,73,40,3.09,TO,1690508194
239,el gouna,27.3942,33.6782,32.05,36,0,3.29,EG,1690508194
240,ust-nera,64.5667,143.2,14.36,46,88,1.18,RU,1690508194
241,buka,40.8108,69.1986,29.2,26,41,0.16,UZ,1690508194
242,manavalakurichi,8.1333,77.3,26.29,77,11,5.93,IN,1690508194
243,georgievka,49.3314,81.5761,18.72,81,100,2.74,KZ,1690508194
244,livingstone,-17.8419,25.8543,13.45,63,10,1.67,ZM,1690508194
245,yinchuan,38.4681,106.2731,25.98,49,0,2.2,CN,1690508063
246,khartoum,15.5518,32.5324,29.3,51,70,6.27,SD,1690508195
247,teguise,29.0605,-13.564,21.12,68,100,8.23,ES,1690508195
248,menongue,-14.6585,17.691,12.29,46,5,2.19,AO,1690508195
249,iowa park,33.9515,-98.6687,37.92,31,0,7.72,US,1690508195
250,olonkinbyen,70.9221,-8.7187,4.93,87,100,5.39,SJ,1690508195
251,nar'yan-mar,67.6713,53.087,13.99,85,100,2.52,RU,1690508195
252,vylkove,45.4021,29.586,15.22,71,33,7.4,UA,1690508195
253,gazli,40.1333,63.45,30.94,30,2,4.28,UZ,1690508195
254,rio grande,-32.035,-52.0986,8.86,78,100,2.11,BR,1690508195
255,guerrero negro,27.9769,-114.0611,22.92,72,10,6.76,MX,1690508196
256,yaren,-0.5472,166.916,28.58,76,97,4.46,NR,1690508196
257,manta,-0.95,-80.7333,25.56,73,20,5.81,EC,1690508196
258,misratah,32.3754,15.0925,26.11,66,0,2.59,LY,1690508196
259,bubaque,11.2833,-15.8333,27.68,85,100,5.17,GW,1690508196
260,ribeira grande,38.5167,-28.7,23.21,96,27,1.79,PT,1690508196
261,keflavik,64.0049,-22.5624,10.95,81,0,4.12,IS,1690508084
262,port hueneme,34.1478,-119.1951,35.99,65,0,4.12,US,1690508197
263,anton lizardo,19.05,-95.9833,26.12,75,100,4.52,MX,1690508197
264,dauphin,51.1494,-100.0502,19.08,72,100,7.2,CA,1690508168
265,ad dujayl,33.8467,44.2344,33.48,17,0,4.34,IQ,1690508197
266,mafinga,-7.25,35.0667,15.68,65,5,0.83,TZ,1690508197
267,cabo san lucas,22.8909,-109.9124,34.61,67,0,9.26,MX,1690507751
268,areal,-22.2306,-43.1056,17.06,84,20,1.03,BR,1690508197
269,fukuecho,32.6881,128.8419,29.2,84,75,3.09,JP,1690508197
270,katima mulilo,-17.5,24.2667,12.3,63,12,2.35,NA,1690508197
271,tralee,52.2704,-9.7026,13.48,84,100,2.46,IE,1690508198
272,ancud,-41.8697,-73.8203,9.36,96,100,4.16,CL,1690508198
273,mount gambier,-37.8333,140.7667,14.81,77,4,4.32,AU,1690508037
274,yeppoon,-23.1333,150.7333,25.7,58,14,4.63,AU,1690508198
275,invercargill,-46.4,168.35,10.01,76,97,3.13,NZ,1690508198
276,calvinia,-31.4707,19.776,8.91,44,0,3.07,ZA,1690508198
277,ust'-uda,54.1742,103.0304,22.11,62,72,1.09,RU,1690508198
278,kodiak,57.79,-152.4072,12.73,88,100,4.63,US,1690508198
279,howard springs,-12.497,131.047,27.95,42,10,2.64,AU,1690508198
280,crucecita,-28.95,-58.9833,14.45,53,100,2.5,AR,1690508198
281,camocim,-2.9022,-40.8411,25.82,83,11,6.56,BR,1690508199
282,goz beida,13.95,20.55,25.7,69,100,8.23,TD,1690508199
283,santana,-0.0583,-51.1817,25.1,100,0,1.54,BR,1690508199
284,zouerate,22.7187,-12.4521,28.2,28,3,6.85,MR,1690508199
285,cannonvale,-20.2833,148.7,19.66,74,97,5.9,AU,1690508199
286,lazaro cardenas,17.9583,-102.2,29.24,73,100,3.98,MX,1690508141
287,enewetak,11.3474,162.3373,27.93,83,100,8.27,MH,1690508199
288,hamilton,39.1834,-84.5333,27.95,80,20,4.63,US,1690508058
289,bocsa,45.3733,21.7092,15.5,69,7,1.79,RO,1690508199
290,genhe,50.7833,121.5167,24.42,45,31,4.0,CN,1690508199
291,viqueque,-8.8673,126.3658,26.95,67,40,2.33,TL,1690508200
292,saint-francois,46.4154,3.9054,15.69,88,0,1.03,FR,1690508111
293,malindi,-3.2175,40.1191,24.09,83,20,8.23,KE,1690508200
294,gisborne,-38.6533,178.0042,10.64,74,94,7.03,NZ,1690508200
295,mariental,-24.6333,17.9667,14.16,25,5,2.69,NA,1690508200
296,hirara,24.8,125.2833,30.92,84,75,11.83,JP,1690508200
297,sirte,31.2089,16.5887,26.24,72,0,4.28,LY,1690508200
298,san antonio de pale,-1.4014,5.6325,22.85,89,99,7.1,GQ,1690508200
299,oum hadjer,13.2954,19.6966,27.15,67,100,5.83,TD,1690508200
300,tazovsky,67.4667,78.7,16.27,89,100,0.85,RU,1690508201
301,ketchikan,55.3422,-131.6461,21.26,60,0,5.14,US,1690507980
302,turaif,31.6725,38.6637,26.14,15,0,2.06,SA,1690508201
303,novyy urengoy,66.0833,76.6333,20.33,74,100,2.01,RU,1690508201
304,ergani,38.2653,39.7621,26.92,22,0,1.47,TR,1690508201
305,petropavlovsk-kamchatsky,53.0452,158.6483,12.33,100,100,2.0,RU,1690508201
306,kavieng,-2.5744,150.7967,27.99,80,59,5.01,PG,1690508201
307,prince rupert,54.3161,-130.3201,18.83,97,75,7.2,CA,1690508201
308,basco,20.4487,121.9702,28.74,79,100,4.93,PH,1690508201
309,hammerfest,70.6634,23.6821,10.25,87,100,1.54,NO,1690508201
310,lashio,22.9333,97.75,22.47,97,100,0.96,MM,1690508202
311,severo-yeniseyskiy,60.3725,93.0408,16.57,84,100,0.67,RU,1690508202
312,goure,13.9835,10.2704,29.5,51,68,3.23,NE,1690508202
313,saint-leu,-21.15,55.2833,17.48,69,16,4.48,RE,1690508202
314,bonoua,5.2741,-3.595,24.79,94,82,1.77,CI,1690508202
315,pacasmayo,-7.4006,-79.5714,21.07,84,40,5.09,PE,1690508202
316,kalmunai,7.4167,81.8167,28.33,67,11,1.5,LK,1690508202
317,vorgashor,67.5833,63.95,15.71,89,100,0.82,RU,1690508202
318,happy valley-goose bay,53.3168,-60.3315,17.17,59,75,6.17,CA,1690508203
319,yelizovo,53.1873,158.3805,13.08,100,100,2.0,RU,1690508203
320,port saint john's,-31.6229,29.5448,16.27,89,0,3.28,ZA,1690508203
321,princeville,45.7668,-61.2985,21.97,94,100,2.57,CA,1690508203
322,prainha,-1.8,-53.48,25.92,65,11,1.39,BR,1690508203
323,torghay,49.6339,63.4981,27.08,34,8,1.39,KZ,1690508203
324,birjand,32.8663,59.2211,23.26,28,1,3.09,IR,1690508203
325,changuinola,9.4333,-82.5167,23.37,88,100,1.79,PA,1690508203
326,bandarbeyla,9.4942,50.8122,24.2,73,100,11.97,SO,1690508203
327,mungwi,-10.1732,31.3694,10.44,75,5,1.5,ZM,1690508059
328,altai,46.3722,96.2583,22.96,21,2,0.91,MN,1690508204
329,kavaratti,10.5669,72.642,28.14,77,87,6.2,IN,1690508204
330,plattsmouth,41.0114,-95.8822,33.01,74,0,4.63,US,1690508095
331,gao,16.6362,1.637,32.76,35,100,3.87,ML,1690508204
332,glace bay,46.1969,-59.957,23.42,87,100,4.63,CA,1690508059
333,dolgorukovo,52.3195,38.3453,18.47,65,67,2.92,RU,1690508204
334,nuevo ideal,24.8875,-105.0728,24.69,29,64,5.38,MX,1690508204
335,bagaha,27.1,84.0833,30.08,70,48,4.04,IN,1690508204
336,egilsstadir,65.2653,-14.3948,6.95,100,75,3.6,IS,1690508204
337,deltebre,40.7499,0.7868,25.17,85,26,1.36,ES,1690508205
338,kimbe,-5.5502,150.1429,27.9,74,100,2.56,PG,1690508205
339,sabang,5.8933,95.3214,28.09,76,100,9.57,ID,1690508205
340,tianpeng,30.9866,103.9393,26.26,77,70,0.96,CN,1690508205
341,kayangel,8.0823,134.7173,26.87,82,100,13.23,PW,1690508205
342,cukai,4.25,103.4167,27.97,78,100,3.61,MY,1690508205
343,tangping,22.0265,111.9323,31.82,70,89,0.49,CN,1690508205
344,oriximina,-1.7656,-55.8661,27.04,55,12,1.79,BR,1690508205
345,zaysan,47.4667,84.8667,29.59,24,100,2.2,KZ,1690508205
346,kormilovka,55.0026,74.1028,19.64,65,6,2.14,RU,1690508205
347,ocana,8.2377,-73.356,19.11,92,82,2.08,CO,1690508047
348,illizi,26.4833,8.4667,33.89,10,3,5.66,DZ,1690508206
349,vadso,70.0744,29.7487,11.49,93,100,3.09,NO,1690508206
350,masjed soleyman,31.9364,49.3039,33.82,11,0,2.25,IR,1690508206
351,malpica,43.3228,-8.8105,19.1,87,91,5.64,ES,1690508206
352,puerto penasco,31.3167,-113.5333,31.62,76,0,3.13,MX,1690508136
353,saint-pierre,-21.3393,55.4781,17.82,68,40,4.63,RE,1690508206
354,quartu sant'elena,39.2419,9.1839,23.95,75,0,2.57,IT,1690508206
355,porto novo,6.4965,2.6036,25.9,91,100,3.61,BJ,1690508206
356,tobelo,1.7284,128.0095,29.21,67,100,3.37,ID,1690508206
357,horta,38.5333,-28.6333,22.79,96,43,1.79,PT,1690508207
358,vila franca do campo,37.7167,-25.4333,23.23,96,71,4.26,PT,1690508207
359,san andres,12.5847,-81.7006,27.01,94,40,5.14,CO,1690508207
360,sao raimundo das mangabeiras,-7.0219,-45.4811,24.12,42,6,1.12,BR,1690508207
361,irkutsk,52.2978,104.2964,19.43,82,0,1.0,RU,1690508207
362,aljezur,37.3191,-8.8033,16.34,92,0,3.38,PT,1690508207
363,at taj,24.2049,23.2857,28.56,15,100,1.46,LY,1690508207
364,aitape,-3.1374,142.3475,29.54,66,69,0.96,PG,1690508207
365,el colomo,19.05,-104.25,30.99,79,96,2.24,MX,1690508207
366,durban,-29.8579,31.0292,11.51,85,10,2.14,ZA,1690508072
367,bayganin,48.6947,55.8742,26.08,40,0,2.39,KZ,1690508207
368,shilka,51.85,116.0333,17.61,86,100,0.49,RU,1690508208
369,samarinda,-0.5,117.15,29.13,61,77,2.82,ID,1690508208
370,yatou,37.15,122.3833,28.65,73,17,5.85,CN,1690508208
371,codrington,-38.2667,141.9667,15.12,71,0,5.79,AU,1690508208
372,bataipora,-22.2953,-53.2711,21.59,60,74,2.1,BR,1690508208
373,muang phonsavan,19.45,103.2167,25.22,71,100,1.39,LA,1690508208
374,gorontalo,0.5412,123.0595,29.98,63,99,4.65,ID,1690508208
375,i-n-salah,27.1935,2.4607,37.14,7,1,4.61,DZ,1690508208
376,mar del plata,-38.0023,-57.5575,7.19,87,75,3.58,AR,1690508034
377,la'ie,21.6477,-157.9253,30.98,67,12,6.27,US,1690508209
378,makar'yev,57.8797,43.8069,16.36,89,73,2.89,RU,1690508209
379,markovo,57.3206,107.0881,22.57,74,100,1.35,RU,1690508209
380,prado,-17.3411,-39.2208,21.84,84,100,3.19,BR,1690508209
381,nieuw amsterdam,5.8833,-55.0833,27.23,84,26,4.6,SR,1690508209
382,dalnegorsk,44.5604,135.5701,31.76,49,92,2.55,RU,1690508209
383,al kharijah,25.4514,30.5464,30.35,19,0,3.1,EG,1690508209
384,beloomut,54.9448,39.3394,18.74,77,100,3.31,RU,1690508210
385,king's lynn,52.7517,0.3952,18.89,89,75,0.51,GB,1690507995
386,pandan,14.0453,124.1694,30.11,69,100,5.38,PH,1690508210
387,corinto,37.9407,22.9573,24.94,62,0,0.84,GR,1690508210
388,kon tum,14.35,108.0,23.31,98,100,1.25,VN,1690508210
389,mejit,10.2753,170.8646,28.5,79,100,8.74,MH,1690508210
390,kurganinsk,44.88,40.5986,21.06,73,80,1.56,RU,1690508210
391,dombarovskiy,50.7587,59.5386,24.07,51,2,2.62,RU,1690508210
392,celestun,20.8667,-90.4,27.79,77,74,6.21,MX,1690508210
393,ciudad choluteca,13.3003,-87.1908,26.24,74,96,0.3,HN,1690508211
394,beau vallon,-20.4189,57.6953,21.13,78,40,1.54,MU,1690508211
395,cadillac,44.2519,-85.4012,23.95,73,0,1.54,US,1690508211
396,baracoa,20.3467,-74.4958,27.13,89,20,3.97,CU,1690508211
397,wuyang,31.9925,116.2472,28.43,75,58,7.58,CN,1690508211
398,westport,41.1415,-73.3579,28.43,86,75,1.79,US,1690508211
399,seminole,28.7086,-81.2081,27.34,92,0,3.09,US,1690508211
400,gdov,58.7406,27.8122,16.11,72,100,3.14,RU,1690508211
401,brisas de zicatela,15.8369,-97.0419,30.29,58,75,0.0,MX,1690508211
402,qarazhal,48.0078,70.7903,22.75,45,1,4.25,KZ,1690508212
403,itaueira,-7.6033,-43.0256,23.68,45,4,2.83,BR,1690508212
404,kerch,45.3583,36.4758,23.52,73,75,10.6,UA,1690508044
405,kudymkar,59.0173,54.656,16.62,95,96,3.0,RU,1690508212
406,al ghayzah,16.2079,52.176,24.8,89,100,3.65,YE,1690508212
407,tallahassee,30.4383,-84.2807,29.62,78,100,1.06,US,1690507930
408,callao,-12.0667,-77.15,20.95,77,0,6.17,PE,1690508212
409,awjilah,29.1081,21.2869,27.69,59,6,5.91,LY,1690508212
410,holualoa,19.6228,-155.9522,27.91,73,40,3.6,US,1690508212
411,prieska,-29.6641,22.7474,11.9,21,0,2.77,ZA,1690508212
412,tsetserleg,47.475,101.4542,18.33,58,50,0.38,MN,1690508213
413,nyurba,63.2842,118.3319,22.85,49,96,2.73,RU,1690508213
414,ropar,30.9664,76.5331,27.82,78,100,1.51,IN,1690508213
415,midvagur,62.0511,-7.1939,12.46,82,75,5.66,FO,1690508213
416,lodja,-3.4833,23.4333,19.92,39,5,0.92,CD,1690508213
417,papao,-17.75,-149.55,26.82,79,4,2.55,PF,1690508213
418,leava,-14.3,-178.1667,25.63,81,88,7.9,WF,1690508213
419,kununurra,-15.7667,128.7333,25.99,38,40,2.57,AU,1690508213
420,lillehammer,61.1146,10.4674,12.11,95,100,1.53,NO,1690508213
421,santiago de surco,-12.15,-77.0167,20.51,79,0,6.17,PE,1690508214
422,coquimbo,-29.9533,-71.3436,12.85,87,0,1.54,CL,1690508214
423,aginskoye,51.1,114.53,20.07,67,96,5.68,RU,1690508214
424,muravlenko,63.7898,74.523,18.84,76,3,4.14,RU,1690508214
425,onega,63.9061,38.1404,12.84,85,91,2.34,RU,1690508214
426,khor,47.8861,134.9464,27.86,73,97,5.17,RU,1690508214
427,lieksa,63.3167,30.0167,14.53,86,100,1.9,FI,1690508214
428,la passe,45.5549,-0.8967,19.43,91,99,5.06,FR,1690508214
429,tromso,69.6496,18.957,10.21,93,40,3.6,NO,1690508101
430,jilin,43.0,126.0,25.97,84,100,6.89,CN,1690508214
431,bairnsdale,-37.8333,147.6167,17.25,62,64,1.34,AU,1690508215
432,saint albans,51.75,-0.3333,18.39,92,100,5.14,GB,1690508215
433,shiguai,40.7058,110.2856,22.11,62,72,3.48,CN,1690508215
434,itoman,26.1247,127.6694,31.01,77,75,7.2,JP,1690508215
435,recani,31.2846,-4.2688,33.2,11,41,2.19,MA,1690508215
436,fale old settlement,-9.3852,-171.2468,27.99,77,11,7.38,TK,1690508215
437,ninghai,29.2892,121.4247,26.91,94,100,7.53,CN,1690508215
438,queenstown,-31.8976,26.8753,8.41,38,0,2.88,ZA,1690508174
439,sinabang,2.4803,96.3801,27.75,74,100,0.6,ID,1690508216
440,tual,-5.6667,132.75,26.24,82,75,8.49,ID,1690508216
441,ijebu-ife,6.7784,4.0339,23.36,97,100,0.99,NG,1690508216
442,sinop,41.7711,34.8709,16.37,86,16,3.74,TR,1690508216
443,broken hill,-31.95,141.4333,19.76,53,47,8.05,AU,1690508216
444,villa ojo de agua,-29.5,-63.6938,9.44,67,0,2.71,AR,1690508216
445,eduardo castex,-35.915,-64.2945,7.47,65,10,2.68,AR,1690508216
446,mogadishu,2.0371,45.3438,24.33,86,93,7.1,SO,1690507925
447,walvis bay,-22.9575,14.5053,12.27,93,6,2.57,NA,1690508217
448,wundanyi,-3.4019,38.364,13.35,78,56,1.89,KE,1690508217
449,inzhavino,52.3185,42.4937,19.49,61,11,3.83,RU,1690508217
450,pitea,65.3172,21.4794,14.05,83,100,1.16,SE,1690508217
451,merizo village,13.2658,144.6691,26.31,97,100,4.42,GU,1690508217
452,khovd,48.0056,91.6419,26.98,20,75,1.01,MN,1690508217
453,poggio di chiesanuova,43.9045,12.4214,17.65,77,0,1.03,SM,1690508217
454,quellon,-43.1167,-73.6167,10.14,93,100,3.6,CL,1690508217
455,al jubayl,27.0112,49.6583,34.11,39,91,4.05,SA,1690508029
456,paita,-5.0892,-81.1144,22.29,81,3,6.61,PE,1690508218
457,port douglas,-16.4833,145.4667,23.83,68,41,5.84,AU,1690508218
458,rayon,19.1444,-99.5836,13.5,86,100,1.94,MX,1690508218
459,kirensk,57.7853,108.1119,23.44,69,78,1.47,RU,1690508218
460,bengkulu,-3.8004,102.2655,26.87,73,100,1.92,ID,1690508159
461,rongelap,11.1635,166.8941,28.6,79,100,8.36,MH,1690508218
462,kapit,2.0167,112.9333,30.76,59,86,0.59,MY,1690508218
463,mahina,-17.5065,-149.489,26.87,83,75,5.14,PF,1690508218
464,qarauyl,48.9451,79.255,17.61,68,98,4.75,KZ,1690508218
465,nazarovo,56.0064,90.3914,21.51,59,95,0.96,RU,1690508219
466,esquel,-42.9,-71.3167,3.83,97,100,1.88,AR,1690508219
467,mobaye,4.319,21.1786,21.32,97,100,1.22,CF,1690508219
468,vila velha,-20.3297,-40.2925,21.08,88,40,2.06,BR,1690508219
469,greymouth,-42.4667,171.2,11.11,53,47,2.08,NZ,1690508219
470,jianshui,23.6363,102.8264,22.53,90,100,1.99,CN,1690508219
471,puerto aysen,-45.4,-72.7,5.48,100,100,0.91,CL,1690508219
472,olinda,-8.0089,-34.8553,25.85,83,75,3.09,BR,1690508010
473,el espinal,16.3333,-94.0667,25.73,70,96,3.85,MX,1690508219
474,birao,10.2849,22.7882,22.11,92,92,0.9,CF,1690508219
475,laguna,38.421,-121.4238,34.19,37,0,6.17,US,1690508220
476,mangalam,9.7667,78.6667,29.72,53,68,1.46,IN,1690508220
477,portland,45.5234,-122.6762,29.0,41,20,4.12,US,1690507859
478,villa gesell,-37.2639,-56.973,7.81,78,100,2.28,AR,1690508220
479,tash-kumyr,41.3461,72.2171,29.81,28,9,2.35,KG,1690508220
480,revda,56.801,59.9303,19.03,89,35,3.88,RU,1690508220
481,ulanhot,46.0833,122.0833,25.57,68,100,2.6,CN,1690508220
482,sao miguel do araguaia,-13.275,-50.1628,24.73,34,8,1.68,BR,1690508220
483,fort st. john,56.2499,-120.8529,18.94,59,40,4.12,CA,1690508092
484,ulladulla,-35.35,150.4667,20.34,43,38,5.44,AU,1690508221
485,jebrail,39.3992,47.0283,23.01,63,0,0.49,AZ,1690508221
486,jidong,45.2167,131.0833,29.01,63,94,4.68,CN,1690508221
487,shar'ya,58.3686,45.5144,16.15,87,59,1.72,RU,1690508221
488,chadan,51.2833,91.5833,20.68,61,94,1.47,RU,1690508221
489,okhotsk,59.3833,143.3,16.22,83,100,3.08,RU,1690508221
490,ulsteinvik,62.3432,5.8487,14.06,93,59,1.79,NO,1690508221
491,odienne,9.51,-7.5692,22.39,94,47,1.92,CI,1690508221
492,reyes,-14.3167,-67.3833,20.5,88,6,1.32,BO,1690508222
493,betio village,1.358,172.9211,31.02,75,25,6.08,KI,1690508222
494,ta`u,-14.2336,-169.5144,26.23,73,100,6.64,AS,1690508222
495,vilhena,-12.7406,-60.1458,21.91,50,1,1.71,BR,1690508222
496,preobrazheniye,42.9019,133.9064,26.02,71,99,4.26,RU,1690508222
497,alegrete,-29.7831,-55.7919,12.08,72,99,3.86,BR,1690508222
498,banda aceh,5.5577,95.3222,28.79,69,100,6.14,ID,1690508222
499,masterton,-40.9597,175.6575,11.6,89,62,2.72,NZ,1690508223
500,hami,42.8,93.45,37.23,9,2,2.34,CN,1690508223
501,kismayo,-0.3582,42.5454,24.23,84,73,6.87,SO,1690508223
502,lala,7.9745,123.7458,26.77,90,98,1.78,PH,1690508223
503,natal,-5.795,-35.2094,25.12,88,20,4.12,BR,1690507977
504,dapa,9.7594,126.0531,26.08,86,100,4.95,PH,1690508223
505,touros,-5.1989,-35.4608,24.56,85,24,5.43,BR,1690508223
506,ubari,26.5921,12.7805,31.05,14,10,3.59,LY,1690508224
507,solleftea,63.1667,17.2667,11.92,90,100,0.85,SE,1690508224
508,chicoana,-25.1009,-65.5331,7.03,64,100,0.36,AR,1690508224
509,cidreira,-30.1811,-50.2056,13.16,71,100,3.01,BR,1690508224
510,houghton,47.1219,-88.569,23.71,89,100,3.09,US,1690508224
511,kone,-21.0595,164.8658,23.69,42,7,2.95,NC,1690508225
512,mazagao,-0.115,-51.2894,25.03,86,65,2.4,BR,1690508225
513,mawlamyine,16.4914,97.6256,27.99,81,100,3.82,MM,1690508225
514,inirida,3.8653,-67.9239,23.73,96,77,0.82,CO,1690508225
515,nadi,-17.8,177.4167,26.0,53,75,5.14,FJ,1690508224
516,paimio,60.4567,22.6869,8.56,95,72,0.99,FI,1690508225
517,richards bay,-28.783,32.0377,17.01,94,5,1.87,ZA,1690508226
518,kavarna,43.4333,28.3333,15.32,89,0,5.09,BG,1690508226
519,uyuni,-20.4597,-66.825,2.85,20,0,2.51,BO,1690508226
520,palmer,42.1584,-72.3287,22.99,84,40,2.06,US,1690508226
521,oranjemund,-28.55,16.4333,11.15,89,0,2.04,NA,1690508226
522,shizunai-furukawacho,42.3339,142.3669,24.3,83,37,3.59,JP,1690508227
523,remire-montjoly,4.9167,-52.2667,25.02,94,0,0.0,GF,1690508227
524,clorinda,-25.2848,-57.7185,18.12,79,37,2.04,AR,1690508227
525,bamboo flat,11.7,92.7167,28.05,83,40,3.09,IN,1690508227
526,kulhudhuffushi,6.6221,73.07,27.56,76,29,1.67,MV,1690508227
527,anuradhapura,8.3565,80.4173,27.24,75,69,6.34,LK,1690508227
528,shenjiamen,29.9576,122.298,27.71,85,100,11.44,CN,1690508227
529,tevriz,57.509,72.4042,18.84,73,36,1.21,RU,1690508228
530,howrah,22.5892,88.3103,29.0,94,20,2.57,IN,1690508055
531,al faw,29.9776,48.4741,31.0,24,0,4.64,IQ,1690508228
532,balnearia,-31.0088,-62.6673,10.21,48,2,2.88,AR,1690508228
533,ati,13.2154,18.3353,27.87,61,72,3.64,TD,1690508228
534,clarion,41.2148,-79.3853,25.1,96,0,1.7,US,1690508228
535,mbanza kongo,-6.267,14.2401,19.41,82,92,1.83,AO,1690508229
536,quang ngai,15.1167,108.8,33.85,50,75,2.35,VN,1690508167
537,chos malal,-37.3781,-70.2709,7.53,71,100,1.63,AR,1690508229
538,lauro de freitas,-12.8944,-38.3272,25.01,94,75,6.17,BR,1690508229
539,sibolga,1.7427,98.7792,28.07,65,96,0.34,ID,1690508229
540,nurota,40.5614,65.6886,28.09,33,87,3.39,UZ,1690508229
541,punta del este,-34.9667,-54.95,10.06,79,0,3.09,UY,1690508229
542,dunedin,-45.8742,170.5036,12.67,50,98,1.79,NZ,1690508229
543,varadero,23.1536,-81.2514,23.42,81,98,5.35,CU,1690508229
544,tyuratam,45.6507,63.3156,27.14,32,0,4.62,KZ,1690508230
545,kourou,5.1552,-52.6478,25.03,88,100,3.45,GF,1690508230
546,ola,59.5833,151.2833,20.08,53,0,2.11,RU,1690508230
547,pangody,65.85,74.4859,21.33,65,100,1.05,RU,1690508230
548,sumbe,-11.2061,13.8437,19.75,93,71,2.7,AO,1690508230
549,parauapebas,-6.0675,-49.9022,23.87,47,0,0.81,BR,1690508231
550,angra do heroismo,38.65,-27.2167,24.34,96,20,2.24,PT,1690508231
551,gewane,10.1664,40.6453,29.45,47,97,5.1,ET,1690508231
552,carutapera,-1.195,-46.02,25.31,84,8,3.41,BR,1690508231
553,tadine,-21.55,167.8833,21.04,55,80,6.84,NC,1690508231
554,naama,33.2667,-0.3167,22.63,10,3,8.53,DZ,1690508231
555,mogocha,53.7333,119.7667,16.39,92,100,1.84,RU,1690508231
556,glendive,47.1053,-104.7125,31.79,18,0,4.12,US,1690508231
557,san patricio,28.017,-97.5169,31.4,67,0,5.93,US,1690508232
558,emerald,-23.5333,148.1667,21.3,50,6,2.44,AU,1690508232
559,agat village,13.3886,144.6585,26.52,94,75,2.57,GU,1690508232
560,necochea,-38.5473,-58.7368,6.32,88,100,3.1,AR,1690508232
561,northam,51.0333,-4.2167,18.14,98,52,3.4,GB,1690508232
562,kapuskasing,49.4169,-82.4331,25.05,65,75,4.12,CA,1690508232
563,nakhon si thammarat,8.25,100.0,30.0,70,100,4.59,TH,1690508232
564,terbanggi besar,-4.8667,105.2333,27.14,73,73,3.73,ID,1690508232
565,xinzhi,36.4989,111.7047,27.51,58,100,3.52,CN,1690508233
566,labrador city,52.9463,-66.9114,10.95,87,75,3.6,CA,1690508233
567,melo,-32.3667,-54.1833,8.79,79,100,1.37,UY,1690508233
568,pineville,31.3224,-92.4343,31.96,54,0,2.06,US,1690508207
569,pitkyaranta,61.5734,31.4792,14.94,88,100,2.99,RU,1690508233
570,dingwall,57.5953,-4.4272,15.04,97,100,1.5,GB,1690508233
571,rosarito,32.3333,-117.0333,23.51,75,10,2.41,MX,1690508233
572,hasaki,35.7333,140.8333,35.16,71,1,5.5,JP,1690508233
573,yanam,16.7333,82.2167,26.06,82,98,5.17,IN,1690508234
574,lethem,3.3803,-59.7968,24.06,94,99,1.97,GY,1690508234
575,port-vila,-17.7338,168.3219,22.78,73,100,6.69,VU,1690508234
576,rikaze,29.25,88.8833,9.43,83,100,1.15,CN,1690508234
577,beira,-19.8436,34.8389,17.05,88,0,1.73,MZ,1690508234
578,alofi,-19.0595,-169.9187,22.94,83,100,1.54,NU,1690508235
579,ardestan,33.3761,52.3694,27.31,28,0,1.18,IR,1690508235
580,shalqar,47.8333,59.6,26.77,39,0,3.5,KZ,1690508235
581,rucar,45.4,25.1667,8.58,77,0,1.83,RO,1690508235
582,augusto correa,-1.0217,-46.635,25.13,84,27,2.47,BR,1690508235
583,ixtapa,20.7,-105.2,30.57,62,40,2.57,MX,1690508235
584,zivinice,44.4494,18.6497,10.12,100,0,0.51,BA,1690508236
585,bam,29.106,58.357,31.31,17,3,4.26,IR,1690508236
586,katsuura,35.1333,140.3,28.39,70,10,4.38,JP,1690508236
587,el nido,11.1858,119.3956,29.34,72,100,8.87,PH,1690508236
